{"mse": 2118.5971228349672, "variance_score": 0.39720278413964361}