{"mse": 2548.0723987259694, "variance_score": 0.47257544798227141}