{"mse": 2548.0723987259707, "variance_score": 0.47257544798227119}